id,created_at,source,source_kind,source_label,models,primary_category,polarity,severity,sentiment,language,star_rating,confidence,engagement_label,title,url
cbf6cdeac69d29e6,2026-09-12T20:46:27+00:00,social,youtube,YouTube (búsqueda pública),Sense 2,pantalla,revisar,,mixto,en,,0.0,,Replace Fitbit Sense 2 Cracked Screen Fast! ⌚⚡ #shorts - YouTube,https://news.google.com/rss/articles/CBMiVEFVX3lxTE1SUmNBc1AtQXp1Q2ZDOUcwbURDTUJ1YUw0RmdUZS00ckVnb3JuUGs1STlFdWVkdDExeV9RaV82OG45c25MTjNuUGNyMFpYZTRpcU83TA?oc=5
528ead709fdc3ad8,2026-08-06T13:00:16+00:00,social,youtube,YouTube (búsqueda pública),Fitbit Air,opinion,buena,,positivo,en,,0.02,,Fitbit Air Still Worth It?🤔 - YouTube,https://news.google.com/rss/articles/CBMiVEFVX3lxTE00TEV1YXp5dUdXd3ExMUhSOEY1RHd3SDlocC0tOG5qcEJmbEdUeHRDUm1FZWdpX01kX016UlpnTEtqNk9hNEtEMzFfN0pQcVFsQTI4OQ?oc=5
582f42a10a3e7757,2026-08-22T16:00:37+00:00,social,youtube,YouTube (búsqueda pública),Fitbit Air,opinion,buena,,positivo,en,,0.02,,Fitbit AIR Best Accuracy: 10$ AliExpress Bands Are AMAZING! - YouTube,https://news.google.com/rss/articles/CBMiVkFVX3lxTE9mOGYyTE12TVMwZ2hQTGZ0Q1p2RXlLLXdGUUtwcWZLb0t0eGVfYXJkbTRiOWRnREMxbGtrMWFtSkoyLXhjc0xIOFVLaW9rOERVQ3VRMXVR?oc=5
11a7ebe55a6e616a,2026-07-11T02:00:07+00:00,social,youtube,YouTube (búsqueda pública),Fitbit Air,opinion,buena,,positivo,en,,0.02,,5 Reasons I LOVE the Fitbit Air #fitness #fitbitair - YouTube,https://news.google.com/rss/articles/CBMiVEFVX3lxTFBCbUwteGVrS1lYS0lZOGk1SDhuSktkNGg1VXF0dHNSUUxtZThyVnNkTTh4Q09aNTFOYWZxN1RQVjdaLWxIbGdsYlJ4X3R4Y0tJVHJ2QQ?oc=5
18ae957aee8466ca,2026-07-20T01:30:22+00:00,social,youtube,YouTube (búsqueda pública),Fitbit Air,opinion,buena,,positivo,en,,0.34,,Google's Fitbit Air Has a Step-Counting PROBLEM (FIXED) - YouTube,https://news.google.com/rss/articles/CBMiVEFVX3lxTFBuYkVTWXBKYlNFaGpnY3h3ajVDLTR5OFRSNXl4V1NLU1lvTzlfZEhxa29pMm15Rk1ZT0lpcm5nbkhkUEVJVUJmVkVKX1dEVmdIOV9vNA?oc=5
8c6fc335f4649b63,2026-07-07T04:45:17+00:00,social,youtube,YouTube ES,Fitbit Air,opinion,buena,,positivo,es,,0.0,,Apple Watch vs Fitbit Air: ¿Vale la pena pagar 5 VECES más? - YouTube,https://news.google.com/rss/articles/CBMiVkFVX3lxTE04eXpZTlNXdzNmTUtRckZCQ19fay1xX3hRdVBiai05bzdZZHEyeVBOYnVTMThWRjM2eVRfelJWS1pUTkhRb0U5VVF2UmtxVVdKSEFIZUJR?oc=5
5d319f91542764bd,2026-08-01T19:15:23+00:00,social,youtube,YouTube ES,Charge 6,opinion,buena,,positivo,es,,0.02,,Fitbit Charge 6: ¿Vale la pena en 2026? | Análisis - YouTube,https://news.google.com/rss/articles/CBMiVkFVX3lxTE94dXd1ZXdIYmpmUVdsZFhCVnV0MGMxMTRKMW4tRy14S2dhRnI5cUdObWFCaUx1SHVnbVZIRWlvUjlRWGFhY0JWTHQwVkpLNUxTWmFCYlN3?oc=5
12487245c51c11a2,2026-07-18T15:00:30+00:00,social,youtube,YouTube PT,Fitbit Air,bateria,revisar,,mixto,it,,0.34,,"Google Fitbit Air: sono, bateria e o problema que encontrei no SpO2 - YouTube",https://news.google.com/rss/articles/CBMiVkFVX3lxTE1VRWg4Q29ZWi1xQzNQUm1vUjBjOXducWxVcDZwZzU5YVhhSjBLVmZLSC13bHpjVzE4TzJPVkJOTWVaR2ItRzNIaTFPSThieWdlWW1QUkR3?oc=5
155452af0dba7998,2026-08-04T01:34:19+00:00,social,youtube,YouTube PT,Fitbit Air,correa,buena,,positivo,pt,,0.02,,GOOGLE FITBIT AIR Unboxing Review - A Pulseira do GOOGLE vale a pena? Vale o preço? - YouTube,https://news.google.com/rss/articles/CBMiVkFVX3lxTE82ZE9xNXByUXI3NlF0SzljSmN2OVNyeHdzbFlrUGJCdlpqZE40WU95UEV2UnU4NWFIeUlJUFA4VzFZbGs0ekRWcUFFWTd6ejI3cFNtWkZ3?oc=5
605dd3d02d94b2ea,2026-09-03T09:00:06+00:00,social,youtube,YouTube elogios,Fitbit Air,opinion,buena,,positivo,en,,0.02,,"Fitbit Air After 30 Days What I Love, What I Don’t & Is It Worth It? - YouTube",https://news.google.com/rss/articles/CBMiVkFVX3lxTE1VMWpvMU13dVktZ1ozNGVJYU1OeTFScmh4Q19yNC1HbVhnN1NSLU5CTkxKZDl2cUkzcFktZExiR1RrMU9hV3F2VGJXS2ZPWUE4d1lPdHZB?oc=5
b4a0531f23b12d90,2026-07-21T09:25:38+00:00,social,youtube,YouTube elogios,,sincronizacion,buena,,positivo,en,,0.02,,Google Finally Fixed the Biggest Google Health Problems! (v5.04 Update) - YouTube,https://news.google.com/rss/articles/CBMiVkFVX3lxTE43UFUwY3JqbEQxOHloMFd3aTVQV0tyNW1aUTFTUWxLUDVLeTJzYXZacmt1d09La2dXUEQxWWVxU1RmWnd4Yk83OGt0Skd6aDZHZXRYdlJB?oc=5
5471fdea575ead99,2026-09-25T14:00:35+00:00,social,youtube,YouTube elogios,Fitbit Air,opinion,buena,,positivo,en,,0.02,,Google Fitbit Air Pokémon Sleep Special Edition (Sleepy Blue) – Is It Worth It? - YouTube,https://news.google.com/rss/articles/CBMiYkFVX3lxTE4zU2VDYlVXOFRnNmtPOG9ub0VYZUVYUEJKaU05bkRyVGE0RHdnb1F1MVJxOFhVRlk2NmZvQXdMdUloN3k2RzU0TEtyVmU3dE9oVEIzZnM4bEZXRURXT3pxakdR?oc=5
f8ca2a5c9a7f5b88,2026-07-11T20:00:13+00:00,social,youtube,YouTube elogios,Versa 4,opinion,buena,,positivo,en,,0.02,,Fitbit Versa 4 Review: Is It Still Worth It in 2026? - YouTube,https://news.google.com/rss/articles/CBMiVkFVX3lxTE03Tmk3S0pZYlc1aWgwNG5yMDJwVlctaDh4N1FQbWVEMVlCSmIzQ28tclhPN0p5eE9mTklkMUVWb2s4ZVJEYlZBQnBkTm9mT04zMVZaUDZ3?oc=5
bda8960428bf8cae,2026-09-12T07:00:00+00:00,social,tiktok,TikTok (búsqueda pública),Sense 2,pantalla,revisar,,mixto,en,,0.0,,"Replace Fitbit Sense 2 Cracked Screen Fast! ⌚⚡ #shorts Got a cracked or unresponsive screen on your Fitbit Sense 2 (Model FB521)? Watch this quick step-by-step repair guide on how to open the watch, remove the T2 bracket, swap the display a",https://news.google.com/rss/articles/CBMiZ0FVX3lxTFBuc1lKekhmOXVSdmQzMnFMUElJeWNibU9RY2RMa3h6THZtaVJVNUdZUXlrWVFUcVdkb1BSTkZNT2s5ME51Q3JqTUZJTlhpd3RLRHRiXzFweFR6SUw2a1QtQzlJaVJuNWc?oc=5
c88dcf14db0e790b,2026-07-25T07:00:00+00:00,social,tiktok,TikTok (búsqueda pública),Fitbit Air,opinion,buena,,positivo,en,,0.02,,The BEST Fitbit Air Feature Nobody Talks About ⌚️ #fitbit #google #fitness #health #tech - TikTok,https://news.google.com/rss/articles/CBMibkFVX3lxTFBFSUdPMUROckxHVVZOSmhHSGNVWFIwLTY4ME9qajFEWFVLUFF2YnVYY3NQenZXOHdLWEFfaDM0aXRjdEVNQ1I2TWEyX0JGMVZSTmhrMFMwQWhweTBucGZBbWphelJvNDRXa091SXZ3?oc=5
50914a3a2fb899e6,2026-08-05T07:00:00+00:00,social,tiktok,TikTok (búsqueda pública),Sense 2,pantalla,revisar,,mixto,en,,0.0,,"Fix a Cracked Smartwatch Screen in Seconds! ⌚💥 #shorts Got a shattered screen on your Fitbit Sense 2 or smartwatch? Here is the fast breakdown on how to lift the glass, unclip the display cable, and seal on a fresh replacement screen! Get R",https://news.google.com/rss/articles/CBMiZ0FVX3lxTE9aYmxEWjRjOENGMFdKQ0VORXJXQXA2dzVib2MyeDNET0ktaVNpaTRsNmFsZzZpTGk4NURERGhBZV8wNkI0NkxEMkNEMUhmbHBoZ0RodWV4dHY2NF9wRmprY0h3RmYydzg?oc=5
bee28aaaea8f2257,2026-07-17T08:47:23+00:00,social,tiktok,TikTok (búsqueda pública),Fitbit Air,correa,buena,,positivo,en,,0.22,,"Obsessed with my new Fitbit Air setup! 🌟 Swapped my old strap for this URVOI Nylon Loop Band and it’s a total game-changer. • Crafted from a premium polyester elastane yarn blend, it feels incredibly soft, lightweight, and gives that perfec",https://news.google.com/rss/articles/CBMiaEFVX3lxTE5TY3IyVHlURXZ2SEEwSkp3ei1pa19RUEt1OXdoTlZ4ci0ybVZOaERlQkVpaTU5MnEyckRtN2d6M2xUQmk0YTZzcW1ZMnRLQTZGS2hjMzNIeXhaamNtdklGYVVPNVRzdjZD?oc=5
278c4521f978248f,2026-08-11T07:00:00+00:00,social,tiktok,TikTok ES,,sincronizacion,revisar,,mixto,it,,0.34,,"Google Health Lleva tus Datos de Fitbit a Apple Salud en iPhone 🏃 ¡Por fin! Los datos de tu Fitbit ahora llegan directo a Apple Salud Durante años, los usuarios de Fitbit con iPhone tenían un problema: los datos de su dispositivo quedaban a",https://news.google.com/rss/articles/CBMib0FVX3lxTE5ja3hMeEIxV0tNby1saWtkVWowQUFkSDVGY3VVU2dOTFNOS2FlREhUMUdFc05jQzlrb21mNlZUbWxxQTNIc1VmeDlndjRDSU15MC00c0NhaTVSeGpBRGZqcjQxbDBIbU1WTDFIbndMYw?oc=5
8c687cd159974d53,2026-09-16T17:56:02+00:00,social,tiktok,TikTok ES,Fitbit Air,opinion,buena,,positivo,es,,0.0,,Fitbit Air vs. Galaxy Watch7: ¿cuál vale la pena? Monitorización 24h vs. segunda mano a precio 'brutal'. ¡Te digo con cuál me quedaría! #FitbitAir #GalaxyWatch7 #Tecno #Gadgets #Smartwatch - TikTok,https://news.google.com/rss/articles/CBMia0FVX3lxTE9HeF9RUGZ0eHB1Mk9ZekpZaUk1Mm96Mi1oMjVwQm50eDJVMURMd3JScWpTeFVBT1ExdkU3cjZxa1J2ZlZmUlFZVmFJOG5DWV94RkJ1QTk4ZjlJbnR0aUNxeDd6OTA1WlNWSUw4?oc=5
e6a377f9f286ebb6,2026-08-11T07:00:00+00:00,social,instagram,Instagram (búsqueda pública),Fitbit Air,opinion,buena,,positivo,en,,0.02,,Fitbit Air 3 month review — is it actually worth it #fitbitair #fibit #GoogleHealth #madebygoogle #wearabletech - instagram.com,https://news.google.com/rss/articles/CBMiVkFVX3lxTE10SjFZRmU0OUR3cUpGWVlRTkJLV2F6SUtYcVF2QlQtd2NqQzNJbXFpWVljT201cXJZSVNUbi1CZ1FxeVdaajFJeFR1eWdEd01Xb2F6dUN3?oc=5
9e5de913b414a2aa,2026-07-15T07:00:00+00:00,social,instagram,Instagram (búsqueda pública),"Versa 4, Versa 2",bateria,buena,,positivo,en,,0.02,,"I’m officially switching back to Fitbit! 🤍 I loved my Versa 2, and I’m excited to start using the Versa 4. Battery life is one of the biggest reasons I’m making the switch since my Apple Watch hasn’t been lasting long enough for my day. I m",https://news.google.com/rss/articles/CBMiVkFVX3lxTE8wQ3Bwc0FtSWc3VkVKVnV4TTU1SFVTeUNIbjRua09VMThRUDJ6NlZ5VzJzR1JQeDN6N0liQlhQcnZMQ2hlNDZBVFRzaWVRX0M5amxoWlhR?oc=5
b7c854bbdf6617f3,2026-07-25T07:00:00+00:00,social,instagram,Instagram (búsqueda pública),Fitbit Air,opinion,buena,,positivo,en,,0.02,,The BEST Fitbit Air Feature Nobody is Talking About ⌚️ #fitness #health #fitbit #fitbitair #tech - instagram.com,https://news.google.com/rss/articles/CBMiVkFVX3lxTE04UncwcnlPVFQyMnZ0bk1paklWODh3OGdKcWs1czJfc0J0V2ZiMVl6OUtQOHk1RFZxV1d1bHZ0eEtXRjQ4Z2Y2aC1USmdUTGU1Z1MtdUZn?oc=5
7b16c4c17666fa28,2026-07-08T07:00:00+00:00,social,instagram,Instagram (búsqueda pública),Fitbit Air,opinion,buena,,positivo,en,,0.02,,I recently got the Fitbit Air to track my health and get more active and I found the perfect solution for me! Just sharing the story with you in case you’re interested and want to do the same! The 3D model is from @joshmakeshift Comment if ,https://news.google.com/rss/articles/CBMiVkFVX3lxTFB5N0ZscE5YbGhRMmlRb1V5ZTgwRFEyc3dFOGQ1SlVsZFpDV21qRGdJRHhtZi01N2RrVC14ODB4N1BYcU9ReFp5bGNwZkx2MGFNYXY4SXFB?oc=5
7a1cc6f720af4ccf,2026-09-12T22:07:44+00:00,social,instagram,Instagram (búsqueda pública),,opinion,buena,,positivo,en,,0.02,,Someone got me the Fitbit off my wishlist I am so happy 💕 it’s so cute and perfect! - instagram.com,https://news.google.com/rss/articles/CBMiUkFVX3lxTE1qQUhCQXFLTWN2dXRrTjBGZk41T2NfYzZQSXR2R3Z4MHpmSU9kTWNNN2I0R3pkU1FjVlpXR2tkMWFUcHhPM25jMFBLTkh2QVdObnc?oc=5
e644d5e02e9104cd,2026-07-27T09:02:21+00:00,social,instagram,Instagram (búsqueda pública),Fitbit Air,correa,buena,,positivo,en,,0.02,,"- Google Fitbit Air ⌚ ⌚✨ Track every step in style with the Google Fitbit Air. Designed for effortless fitness tracking and all day comfort, with the exclusive Stephen Curry Special Edition Band available in limited stock. Find the perfect ",https://news.google.com/rss/articles/CBMiVkFVX3lxTFBYUEhSM3FrMjMwdEk4RmVnay1OYS15NE9TQUtqVEpNbkhtdHlISG5GUnVpYnNBWWVqajd4eFNjd0VJOWE4Zl9Qb2Zza09hVEZwTGp5WW1B?oc=5
4edb8412fe08268c,2026-07-07T07:00:00+00:00,social,instagram,Instagram (búsqueda pública),Fitbit Air,opinion,buena,,positivo,en,,0.02,,. ألوان جديدة، نفس الراحة اللي تحبها. ✨⌚️ Google Fitbit Air عاد إلى ألف. اختر اللون اللي يناسبك. New colors. The same comfort you love. ✨⌚️ Google Fitbit Air is back at Alif. Find your perfect color. - instagram.com,https://news.google.com/rss/articles/CBMiUkFVX3lxTE13S1JDc3VjUGwwcVVYR0g3TktacDJHWHUxMjJicWRkZ2FEa2R0S090OU1YWVhqeTVkYW5ISVdiNmtxSlBhMnFSTEhvZDlFRkI4dFE?oc=5
6160d279a3a23f52,2026-08-24T07:00:00+00:00,social,instagram,Instagram ES,Fitbit Air,opinion,buena,,positivo,es,,0.02,,"Google Fitbit Air: La aliada perfecta para tu bienestar.✨⌚ Si buscas comodidad, precisión y estilo, este es el dispositivo que necesitas para tu rutina, entrenamientos y descanso. Recuerda que puedes comprar a CUOTAS 💵 con CASHEA 🟡 Para más",https://news.google.com/rss/articles/CBMiUkFVX3lxTE1TRGRwVlBkVnVTU2NScTBpR1hveGlzSjJFM2JkR1ZObHVhVWJIai1uSnBHS2lCVnYtckZKc1pLWDF4dVV3RWRFSjZSanpNX3BLa2c?oc=5
93bb51e8b957d1b4,2026-07-15T07:00:00+00:00,social,instagram,Instagram ES,Fitbit Air,opinion,buena,,positivo,es,,0.02,,"Pon esto en tu muñeca y mide tu salud. ⌚✨ Llega el nuevo Google Fitbit Air a Tecno Premium. El equilibrio perfecto entre elegancia, minimalismo y tecnología , diseñado para acompañarte en cada momento de tu día. Escríbenos al DM para consul",https://news.google.com/rss/articles/CBMiVkFVX3lxTE5KOGdrZkxieFp6OHFybUJQbzJMV3dDSlNJUzRPcjhJWC10SEpLVHhfQUJmXzNpMEZMOElMZ3d6VHdsS1VFeVB0NlNMYy01WmRWeDlFVnNR?oc=5
e5663df2ffc74262,2026-07-20T07:00:00+00:00,social,instagram,Instagram PT,Fitbit Air,gps,revisar,,mixto,pt,,0.0,,"A WHOOP tem mesmo um problema? 👀 Esta banda não tem ecrã nem GPS, mas conseguiu fazer algo que nenhum dos meus relógios fez. Usei a Google Fitbit Air durante o trabalho, nos treinos e enquanto dormia. É provavelmente a banda mais confortáve",https://news.google.com/rss/articles/CBMiVkFVX3lxTE9KZDNTdndkUmtVbHBXTWhLZHk0cmtYRnFBZFFlamgxLXloN2RjLS1RbmwwZ2dDdGp3NGxCVkV5OUxKSjZnZzhyTlBSQnE1SkZnbWtEbzNB?oc=5
4527b3c1a4cc3f51,2026-07-02T07:00:00+00:00,social,instagram,Instagram PT,Fitbit Air,opinion,buena,,positivo,pt,,0.0,,"Será que a Google Fitbit Air realmente vai acabar com a WHOOP?!? 👀 Se quiser acompanhar os meus feedbacks dela, só seguir e ficar de olho nos stories. Peguei a minha pelo @dagringabox , recomendo bastante. - instagram.com",https://news.google.com/rss/articles/CBMiVkFVX3lxTFBqWWpDcXdoVm51aWZxazhhYnh4WUZZNENUamlqWUYtdzEyajloYzQzTFgtXzE4SHVndGhSVWZHSkdNWjhyc2REUGQ1eEpoNThOOERuMDBR?oc=5
c2278871bae68f44,2026-08-11T07:00:00+00:00,news,news,Noticias web (EN-CA),Fitbit Air,bateria,mala,baja,negativo,en,,0.62,,I was convinced my Google Fitbit Air's battery was defective until I changed these settings - androidpolice.com,https://news.google.com/rss/articles/CBMipgFBVV95cUxOQzctbElYNnYzTnVfUWZOVkV2VllIWjdZc3MyU1JxNzBFanMtMU5sTnR3aUZ2eXY5bUw5bmdZMFVEOFo4S3JkSkYxUWp3MVk3dFhrclByMGQzRFFDYzcxa044MVNvcGM3LXBJZXJqNmVrQl9wUkE3QnVyeTZfYlBPUmhnc2ZwU0M1OElnRW5saERkQl9ITUM0V0NiM0xQcjg4ZW5Bam1n?oc=5
3d15b2de6ac294b6,2026-07-24T07:00:00+00:00,news,news,Noticias web (EN-US),Fitbit Air,software,revisar,,mixto,en,,0.34,,Fitbit Air’s newest update brings nothing new except invisible bug fixes - androidcentral.com,https://news.google.com/rss/articles/CBMiuwFBVV95cUxQVHNBT2dGS0ZTVDZydmxjUGZubjVnelRyNlBMUDNfa0xOc0p0dWxWeHIwaFo4X0YycERsTzdCeS1DNWVaWF9Wb01teVFlUW1DTkZlV2xIZjFZV2ZST19hMm5jN1hWYzVfdkdfaWdaRVBERXRnRXdCbUJxaS1rWUtfaGZrNnNIMlpob0JfbUQ1bXdUWS1QYkRyXzdHNS1ZUl84Y09uU29JN08zQS1XMnV0aFhQZWkwM2JFREk4?oc=5
db3679ba3f5dfd48,2026-08-02T07:00:00+00:00,news,news,Noticias web (EN-CA),Fitbit Air,calidad,mala,baja,negativo,en,,0.74,,I almost returned my Google Fitbit Air for broken sleep tracking until I changed one setting - androidpolice.com,https://news.google.com/rss/articles/CBMisgFBVV95cUxNVkRMVWRxUHV2bndyeVZMd1hZdVZBbklLUXA2YXZJR1FkRGh1UGJmQlRZdTlCMFpmT2N0ODJxeWN1VXAyZkNkSHF3aF95cjJCOTk1UWo1Vl9sT3lMZWM5M3M0V1h2ckNUdmF0NU0wWmVoYjA5U0NTWVJuZ0pMZkxQMzZKNFpqM0cySUlYOTBSdnZxNjJYcUZ6Q3JHSGQ2cmh4MFVWRkV6Wjk4NllDYmVYcDNB?oc=5
d0d7b0ba3f380caf,2026-07-16T07:00:00+00:00,news,news,Noticias web (EN-US),Pixel Watch,sincronizacion,buena,,positivo,en,,0.42,,Google Health has fixed the outage that broke sync for Fitbit & Pixel Watch owners [U] - 9to5Google,https://news.google.com/rss/articles/CBMiqwFBVV95cUxQUzdJUDJ2UmRDb21hYUplTzVPSllPOEo0bW4xWGR3VG9pNVpXOVlzSEpEalRCb1JSaW9GZUdmRDI4UEdHQmVZdFVnak1iaGhxLU1BbkdMMVd1UktxRnNiLTg3RnYzMEFURDdVS181N2pxZmkweEF1SGNPZFc3SFJzZ1F0SVBlNUNNWUpoWEQ3U0JtUUVKeWNhUmtDMEdrNEVFNUV2ME15MGxLOEE?oc=5
54176f9f6bde0a09,2026-07-06T07:00:00+00:00,news,news,Noticias web (EN-IN),Charge 6,bateria,buena,,positivo,en,,0.02,,"Google's Fitbit Charge 6 has a great screen, amazing battery life, and an unbeatable price today - phonearena.com",https://news.google.com/rss/articles/CBMinAFBVV95cUxNbU44Mkxod2JXVmVuX2NIN1R3ZjZ5UE1DRlpWMXFtNEplWEJFWnZRN3pSRGFrRFhWUlFydXBlYjd3ZEl3V1ByOFh4bWdoR0J6aE83LTIxNldVSjZjdjl2MUk0SmJreUxUWExTRzZLanRNZC1wdFBCZ3dMOERHWDlfY3VGemhkaUxYMHdkNUoyME1fUzZnUGVnVFQ2V1E?oc=5
92b120c852966dd5,2026-07-15T07:00:00+00:00,news,news,Noticias web (EN-US),,sincronizacion,mala,baja,negativo,en,,0.62,,Fitbit not syncing as Google Health confirms widespread outage - Gadgets & Wearables,https://news.google.com/rss/articles/CBMihgFBVV95cUxOSkhMTzVnRzU0TUdNMExPM0Y4cGZKUi1oM3c0R3d5dEJWc09GcVdEOFJMQWFMeVRtMnQ0YWgtWXQ0YWV6eUs3c0tQZUpCZFJjLUpHOVA5cWk1UFJkR2RldVZjUXZDelZhaWs5bENfeEw3SUZLNkxtVXRNZnhzMk03QlpQSzF5UQ?oc=5
e20af4402ea18173,2026-08-08T07:00:00+00:00,news,news,Noticias web (EN-CA),Fitbit Air,sincronizacion,buena,,positivo,en,,0.02,,I fixed my Fitbit Air's step counting with one hidden Google Health tweak - androidpolice.com,https://news.google.com/rss/articles/CBMibkFVX3lxTE5lQURrbG1rbmxPa0JRV2w2X2tkQkt1eFNOODZsQ0xFdGtaTm5OaFktZGFiSzN6cEI0NGtSZjRPam9yd1E3YTlEUlAtZEpHLXRkR3N2dnp3ZHc3WmM2ZVNtQWFLSWstSjlLUmprMzZR?oc=5
243768293212426c,2026-07-13T07:00:00+00:00,news,news,Noticias web (EN-US),,bateria,buena,,positivo,en,,0.02,,Best Fitbit fitness tracker with a 7-day battery life and Google Maps falls to its lowest-ever price on Amazon - t3.com,https://news.google.com/rss/articles/CBMi4wFBVV95cUxQVFQ1Z25wSzduT3N1bXdPV2pvbzhlU2ZnekRvdFpXRU4tRzl6cEtqdVhCZTFtbDZlQV9TY0ZZbWxBTFhLZHozcEtmTENPTHB6enBjNkdXUkdxREFrcHhzNHJ2Nkg4bTdldjhRdkxic1BYSS1PNHRuLTFsSWNVUDQtOWpfU05tWnp3dy1fUHJRYkw3VHZUWElRLUZ3NlFsMFRiWWhXUW5wWFJPZlVYQVlNeXV6UWVzSlVNU1RLcWI2TGhqZTF5QmM0X1ZDSXhHaUtwX212RUZzNzZaUExGVXBlM3JHYw?oc=5
5416a009ae55b2fa,2026-08-25T07:00:00+00:00,news,news,Noticias web (EN-US),,correa,buena,,positivo,en,,0.02,,The best Fitbit 2026: Band-style fitness trackers and Google smartwatches - TechRadar,https://news.google.com/rss/articles/CBMiWkFVX3lxTE83bVp4LWE2LXJTRW5Gd3FoWGZ2c3hyZ1FXUnBZQUViZVkzV0pEeGV1WExyLXU4TG5DdHVtcUliTk9OSFY5cWhmZ3FFS1FwNnlWMzg5eUhCVFJudw?oc=5
2017ac98ddbe4711,2026-08-26T07:00:00+00:00,news,news,Noticias web (EN-US),,gps,buena,,positivo,en,,0.0,,"Fitbit founders launch screenless wearable that’s like a Whoop for caregivers — the Luffu Link packs in GPS, LTE and a built-in speaker to help you keep track of your loved ones - TechRadar",https://news.google.com/rss/articles/CBMi3AJBVV95cUxOb2tqOTFSSG1qM2JRX25hWGx5VDlTMVFfODJOWldFQWM5WXhOdG5PcWl3RkZLazZrQ0dFVGJqblNZT0VUYU12T0RUMGZ6R29HVmV6LWw3aGtwS0xIN3IwMEpubVA4bkMtanQ0aDE2dHF0eTU5MlVpejQ1a19kTFh1cmdyTHFycm9mc2FSdG54azJtazZpWXcycm11d1dZLWVxLTZqdkxYTGdLSnhfMGs1cjN6b1BpV3RXcW5rSXdhclFnX3JwY3MyQWF2SnRDTng2OXd3S1RpM1FoSGN1Z05mc3pjeUgyRjFuSVR6SE9ab3oxbm9nUUo5dEluQ0YzUDV4WDZQWmFmb0tmYS1KTUV5MnZNVmJ6VW9QTkt0d3d1U1dvNG1zN0lhakQ0bE5XWnY2U3Zpc2tqcEFMRUxKVW1GaW52Y2dyTHdtUjg3eHVVaFlJd1lubWdhbGgwbnE?oc=5
9d390e5659b9ac1c,2026-08-09T07:00:00+00:00,news,news,Noticias web (EN-US),,sincronizacion,buena,,positivo,en,,0.02,,I've used Google Health for 2 months. Here's what I love — and what I can't stand - Android Authority,https://news.google.com/rss/articles/CBMiggFBVV95cUxQWFlPYXkzaEJtOFFmUERGZ2JhWnFiQ0lMajh0V2ZEV2I5dE1zY2o2ZXVwQzFOX0lWR3pNb29nanR0YUZLT1YxN2JHTFYzR3JLNzJmQ2dub3JGX3Z5cC0xT1c5LWxRTjBIekpGNTRpbzkwb3R2U3p2THF4OWRUNzUxb2RR?oc=5
6eb3d036e91f8c1d,2026-07-08T07:00:00+00:00,news,news,Noticias web (EN-GB),Fitbit Air,software,revisar,,mixto,en,,0.22,,Fitbit Air: Google Confirms Two Unusual Bugs - the5krunner.com,https://news.google.com/rss/articles/CBMibkFVX3lxTFBMMkY4UE9xcEpNa2xvZV9Ld3dfTWlhNFczWllsazRIZzA4R2Fjd0ctclJqU3hucWwxdW8xejFNTjdOVEVKS0FQNFNwRDUwc0syNjQ4cndEd2xZVFVjdVFUc1JmV05vczBRMFA3RG53?oc=5
24483576b0e52304,2026-07-16T07:00:00+00:00,news,news,Noticias web (EN-GB),"Fitbit Air, Inspire 3",opinion,buena,,positivo,en,,0.0,,Fitbit Inspire 3 vs Fitbit Air: I've tested both of these £84 trackers - here's the one I recommend - Woman & Home,https://news.google.com/rss/articles/CBMijgFBVV95cUxQZkJfTWdUeHJnejhWR2QxUjVUYWNDSHh5Y1R4a1pBU05odW12dE5XOWY1dkNBZHp4TEJiZ0FfNWNkaFc1VzM4TXhWNXNaa08zeUllR2dlbjRpQU84ZGRxT0ZZZnVKTnhxUHI2ZzJiVmdNLWxVc3RsOHhXM1NpTG1SaVNaa2JfdE5xZ053SEl3?oc=5
34c9e5d9384ef716,2026-07-14T07:00:00+00:00,news,news,Noticias web (EN-IN),Pixel Watch,software,mala,alta,negativo,en,,0.86,,Google Pixel Watch Fitbit Sensor Permission Bug Leaves Health Tracking Broken for Some Users - Techgenyz,https://news.google.com/rss/articles/CBMiekFVX3lxTFBnNkpFYjRvdTNBZlpvLVVnXzhnNnpGaHJTcktyLUJodXdscEhjWnpxYnRHMzl6cTJCa1c4bmRGZlJZZDdfRS1HQUFQVzNtNjBienduTFRxczF2MFEtMEFJVng2OXJMN2ltX0FsZEpaal9TSk1VdDBYLURB?oc=5
66701487671f04e5,2026-07-15T07:00:00+00:00,news,news,Noticias web (FR),,sincronizacion,revisar,,mixto,fr,,0.34,,Fitbit qui ne se synchronise plus ? La panne de Google Health explique tout - Android MT,https://news.google.com/rss/articles/CBMixgFBVV95cUxPeUhhRm1MRnNFY1A4WllpOXBSUHVwQkJvVnQ5T2Y0czdNVWZNSkhkVVlwbk11bWNnRm1fVFI1QmtqNmJhenhSVllTX0hRb001c09GZW83bmFCZ01tZGhOWjVQU1ZLelFhWFlUSHU0ZUFFTE4yUkkzYmhRVlgyeHIxNE5CVjhZMXZxMHNKWnRoWTQ0Y3VMUl94bmVEcTY0eXRVMEFBOTg3ZXJqcS1Uak9ESEJoRjVheXRuQWFUc2JkU0dsdS1CeUE?oc=5
2e3f2184e6e6e769,2026-07-14T07:00:00+00:00,news,news,Noticias web (FR),,sincronizacion,revisar,,mixto,fr,,0.34,,Google Health s'avère être un véritable casse-tête pour certains utilisateurs de Pixel - Notebookcheck.fr,https://news.google.com/rss/articles/CBMiywFBVV95cUxNS3B6eGpFcDFzYWlhUTc0aC1pMHFsaUgtdGpCZjhmajNiUmJxRWdBUmUwRkpXajNZOTlPbFhBYnBLVDBFeVRRTTUxdkJvRWpUaVdVYk9ncEd1VkZCLVdFWEloaDlDTmxSNDVsR1FQcktVZmcwaEQ0eUpjU181N0Y5anMxcjMwaEpibGgxSlNyRGp5YnlPVlpWZm9LVjJNRDBWSENCdU9EYVVPNHpCOWowMHktU1dYcHpBQWtpbk83UE9xRkFleWpEVVE4VQ?oc=5
b8bbe29b208a08d1,2026-07-23T07:00:00+00:00,news,news,Noticias web (FR),,sincronizacion,buena,,positivo,fr,,0.02,,Google Health corrige enfin le suivi alimentaire critiqué depuis la refonte - Android MT,https://news.google.com/rss/articles/CBMiwAFBVV95cUxQS0JXOFVicDNhVF9BYnRFVmotMW5hQjRidHM3bUk5Qi1UQU82QU1Xa3MzY2swejdDWWFoLUg5QW53Wk9JX2dWbDJyNzJ5SHRqM3U1dTlzaDBRRHBaYkg5RVJRS2diN2FvczdjQnlqRkI5Q01TR0Q5eV8wb01meGxoLUltUGduZUc1bUJpTHdhQWlkZmpSZ2ZZdGNmM3U0aFBHMjJOYWd0RHY0YjFDeGt0ODY1VE1jc2xGQWd3NFB5Uk0?oc=5
3c4dee1f8af00b4d,2026-07-14T07:00:00+00:00,news,news,Noticias web (DE),Pixel Watch,sincronizacion,revisar,,mixto,de,,0.34,,Google Health: Ein Bug nervt Nutzer der Pixel Watch derzeit massiv - WinFuture,https://news.google.com/rss/articles/CBMiTkFVX3lxTE9tX0ZfcmZqTmNDLWdIR2NnbXZwRmxkclJJajNhZ2VCbzFHMTdiUkVtZGZ6aXVjUlJoeE9ib3hpZmNKTVM2RG5rTXp6c2NZQQ?oc=5
1102f6262761e752,2026-07-14T07:00:00+00:00,news,news,Noticias web (JA),Pixel Watch,sincronizacion,mala,baja,negativo,ja,,0.74,,Pixel Watch で Google Health の権限エラーが解消しない不具合が報告。初期化しても改善せず、原因は不明 - HelenTech,https://news.google.com/rss/articles/CBMiggFBVV95cUxON19icXRwbkMzUUwtc0ZXc0NaM1RjbkdMcEoydmVHN295UmR0TW5USlNoMVRlb1JNem93a1h3ekczYnpTLWNiUGZjMWxsemlhemFaTFlXbE1ZeDZVRzNEZkJzclJ6ZGROT2tjOEVTYnY3WnQ2S2FSWXNYazh4NEdkcG13?oc=5
a69cfe46e9ecc140,2026-07-17T07:00:00+00:00,news,news,Noticias web (JA),,sincronizacion,buena,,positivo,ja,,0.74,,Google Health アプリ、バージョン 5.04 が配信開始。カスタム食品の作成に対応、栄養関連の不具合も修正 - HelenTech,https://news.google.com/rss/articles/CBMiakFVX3lxTE9MRFFkZ1Vnblg0T2V5Y2lOcmFyWDl6OVhZN3JuY1Uyc3ZzNE9wc25tcDBab1N2YWxXdG1IYVNjSl9wWjN3MHZkRjRHUTl1TTB2U2VfTzRVTVhiRzlFVmRIMWZKWkEtWC0tWEE?oc=5
853ea909cbd3a70d,2026-07-24T07:00:00+00:00,news,news,Noticias web (JA),Pixel Watch,opinion,buena,,positivo,ja,,0.22,,Google、Pixel Watch の「エクスプレス決済」が正常に動作しない問題を修正 - HelenTech,https://news.google.com/rss/articles/CBMicEFVX3lxTE45NGdvb09YOHRHNGo2c2V6SlQzZHRVLXF6QUZjQ3FWOGNYSGFrZ3VCcXFYb3ZRX3hkWXB5UWNmWkl1NXRfVWlxTDFBdVdZMnIwTVg1Tk0yTjhDOHY2ZERNd3FrdnRuRkcwV2lFX3NNV2Q?oc=5
c008dcc149045890,2026-08-04T07:00:00+00:00,news,news,Noticias web (JA),,opinion,buena,,positivo,ja,,0.02,,睡眠計測で悩むiPhoneユーザーよ、Fitbit Airはいいぞ。Appleヘルスケア対応で最高の睡眠トラッカーに - 携帯総合研究所,https://news.google.com/rss/articles/CBMiggFBVV95cUxNRWMyaDROeU55cmZTcC0xQmhiMUJGemE5aGNsRkpGZjhqX2pGN3YwWWJTN01CZ0psRjVlQ1JraFZkZmlCUlZsa0NyTW1xQ1drdmdJMnpoMGxvMUtjVzUwYThPblptbERES2U4R1MxZGREcWJaRE1SdGQzMFBsN19lQWJB?oc=5
e795c0ec0f67d5f5,2026-08-03T07:00:00+00:00,news,news,9to5Google,,sincronizacion,revisar,,mixto,en,,0.34,,Google Health 5.05 rolling out: Apple Health sync & bug fixes - 9to5Google,https://news.google.com/rss/articles/CBMidkFVX3lxTE5rcWd4MVJsSU1CNjFpc3BPWU41SlNWYW5IVmNBb1JnVVBvWXBkSk1uUjdSc193WElMU3BVTUdRZ2RxY0dxNkpfV2JBRkFtQTVWeFhYSmg0NkF3dWd1V3FYazltc0FUU2lZNDBQMEt4aExlcTlYM0E?oc=5
2749d0fbb885bd18,2026-09-19T07:00:00+00:00,news,news,Android Central,Fitbit Air,opinion,buena,,positivo,en,,0.02,,"I was wrong about Pokémon Sleep, and the Fitbit Air is the perfect companion - androidcentral.com",https://news.google.com/rss/articles/CBMingFBVV95cUxNR3Z0blZHS3JNRmhqVVJYYzhqd0Jjc3V4RUxPQnZ1UUpLc0pvekR3c2FrelVJcGlUUUM1N3pfX3RaRVFHbUZJWW8zenhIYmRaeG80dzk5V0tyd2F2bHZudEt1Nkk3aGh3cUwweUNmRzJMZE1uRmVzX2VoSDRRX3NzT2lWZUtZcUdiYk9uRHBsb21Ua214VnowdVlRcjZlUQ?oc=5
eca9dbf73c68c6b5,2026-09-09T07:00:00+00:00,news,web,Soporte Google,Sense 2,sincronizacion,revisar,,mixto,en,,0.34,,I bought a new Fitbit sense 2. It won’t sync and Google can’t fix the issue. How can I delete my dat - Google Help,https://news.google.com/rss/articles/CBMiiAJBVV95cUxPWEwzejh4MFBiMlJqOGV6OUJxekNOaHc1LWN4U1psNnVKOFcxOFRFekxucHRSYU9leF80aWpIT0FSZzRRZUJwVU1LcDRMU1hwc29SQjJZMlVJQ3JHZFNIWjc2eE1uUGNQWTZsaTMzWFR6MlNHWWpYLWNRTmhWdHNRbzYxcFdlTGdBa3RQQmR2eUZ1cFVyenhmODdDRjVsWTYyaDV1U0RHTDVqYTBzZ0tGNDVXUTRhRV8zZzduM2F3YUZKQVNodHk4NjBMNmh6RU8ycU1FN3dDR1dzd0dmQ3pmOEdDeW5Cbmp3NjFrQjJtQ3BBb3BWbXlsSERobWVfdEU3bDZZdzlZQ18?oc=5
61b5efd6bc641df9,2026-09-19T07:00:00+00:00,news,web,Soporte Google,,pantalla,mala,baja,negativo,en,,0.74,,Fitbit not holding charge and screen is blank. Restart not working - Google Help,https://news.google.com/rss/articles/CBMixwFBVV95cUxPMUxCN1NLVmxtNk92RFVfeW95R2FkUGFITl95aHg3aXowdnVrdW1vWTg4SW1sQzJ1WjF6Mmp3VHROcHJlZzRNb3Z5MEl1Q3kza1BJajV6SU5laTNPWDJvZ3pzMTE0S2pKVTlPdEJJXzRadWQ1R0h4dGJqOXVYd1VtUHZiN3JUWl9KdmNfaEFxNjVSbEh0VEZTMzcza3dPZTZIVTZJV1lYRndMSk1WQzdrX0NkNlM5aGVZcFFEamREcVhMTV9YaHVr?oc=5
c8b936395c2f4e70,2026-09-15T07:00:00+00:00,news,web,Soporte Google,,sincronizacion,mala,media,negativo,en,,0.74,,Fitbit won't sync - Google Help,https://news.google.com/rss/articles/CBMihwFBVV95cUxNRGlWdkM5ckQ4cG1MR2R2ai1HTWhxbnVQQ2RZSnVOUmNLa2xnTHExTE4tYXFWV2hiSXJyQVI4S05WNHc0cnZSNzU1WmpfSi0tMExyZWp2OUltTmpzMERSUDR0ZTZiYlVDNVRCdU5OWnZ5cmtiVkxsTTdrbmtxTnpDa243TFRSQlk?oc=5
918ac8cf8f7ceaff,2026-08-24T07:00:00+00:00,news,web,Soporte Google,Charge 6,bateria,mala,media,negativo,en,,0.62,,Battery drain new Fitbit charge 6 - Google Help,https://news.google.com/rss/articles/CBMinAFBVV95cUxOUXR5N01RNlNBRTF2Zy1PdklDYmV2UVl1ZEdOXzVQX0thVWZVUmNfbThTTVdfa3Nhd2xHNmxrUGJKMUl6akNCNEphR3E5ZDNGYWRGT0g5N29EdC1fempHc054RURZTmNVcXR3aW5KZ1JITXpWeHp2TnZkN3RyOGJueVhTRU5BQ2l1LWZSZ01aT0hJdG9fa0x3TGI2cU4?oc=5
3ae010ea7c6d4cc0,2026-09-02T07:00:00+00:00,news,web,Soporte Google,Fitbit Air,sincronizacion,revisar,,mixto,en,,0.34,,Fitbit Air consistently fails to connect/sync — “Something went wrong” error. - Google Help,https://news.google.com/rss/articles/CBMi9gFBVV95cUxOY1Q1dU9ERWhWczU5dzRlcTBZNFZFbm52elJQcURJbWdJTkotbUJLODdkQU0yeGozVU84WjByVmxzMW1FNHd0TXJ3aHdJb3k5UklwMlZ5UWpFUGFLbVlxNkduTm0xRUNORmlLUXd3bVNMVlFycTJJVDl3MDNxRno3X0djTC1hTkZic1k3OGJhNGtpUmNpVnNqa2tzbm1CTnU4ejNmd0dHS0M5Z2FraXBmcHc3UnU4U3h3WVROdTM2czc1M2VHWmU1cjFteDEzMUExbVNlWnFRNDFOc2FYUl9mVXp3dVNCbURQVm9RMXVvQ1FWX0VxMGc?oc=5
44e4cc2030143492,2026-08-13T07:00:00+00:00,news,web,Soporte Google,,bateria,revisar,,mixto,en,,0.34,,Fitbit 5 battery life last only 24 hours . Tried all the suggestions. Is this a new issue for Fitbit - Google Help,https://news.google.com/rss/articles/CBMi8gFBVV95cUxORERBZnlEVEczX1N3NVFuMkhJSUttV3JnZnF1ZXZqUmd1V3VPMlRjWkxuRjIzTnFQaUxTX25QeHhjTTdUT0xJZm9FT3BsdF9OLUs5UDNHWm1hU2NRcElFSnVCdVZNdHUtQTVLZmdxaWJPeFhwS3dDcGNURmYyYTRuRDU5ZU5XX1QwdFVHVDJid05rbVBEN3JHTk5LenJLX0pHRkM2SHVJdGV3VVpxTFJYeEo5aHlaQ3N6OEpEV2lZWEdQMVFPM2g4MzRJUThUR3AwcFZOeHgtbTN3MU5aNk1wNERKWFh1c3hKY2o4ZFBmU09vdw?oc=5
1e2df5346e3f6b55,2026-07-04T07:00:00+00:00,news,web,Soporte Google,Versa 4,sincronizacion,mala,baja,negativo,en,,0.74,,"Versa 4 keeps turning off and on, stuck on screen, not syncing, error code 2 - Google Help",https://news.google.com/rss/articles/CBMihAFBVV95cUxNLXFuUWpFV0JYR09XVDVBU0Z3MnZLelZVSm9sRUt2OHlRZ2JKdERHa1BOa1NwbFRLR25OdFFUY2dsU2pQOHF6bmxXRk5iSkhsLVlpb05GQ1BqSGYwRElnYVJjcFp0WXJpdF9HUFI4SF9rcFZHWUx1Yk5TbEZhZExvRmpWUGg?oc=5
c8907e75e815f2c2,2026-08-23T07:00:00+00:00,news,web,Soporte Google,Charge 6,sincronizacion,revisar,,mixto,en,,0.34,,"Mobile app says ""synced just now"" but charge 6 won't stop flashing ""Sync from the FitBit Mobile app"" - Google Help",https://news.google.com/rss/articles/CBMi8AFBVV95cUxOWXU0UnVWZHpxSW9NSUt6RFJNT0ZXLWdQajBsenRIYmNYZzlXQ0g2cGpxSFN0Nm85YzRLcGVRaE5VX0JPbkV3YlVabVlsZGg1cUZtNEFJaGt3WU9rcmJWSXN6aGFtd0QtQTVjVVBHelJXM1UtWFJoUWxoNHE2M1VaN1RxZHh2VEgzOFVBSkFtZHdTN2xuY0xLSFFXdnhfSVBlS0tOTHRaVTBhcWtYU2p2SkkxdFdmYnBZWUhUZWh5VjNuU25tbjFmQmpOS2FDa3kwdDl2eTFzWThTOGpURDJUTFB2Ukc5UEN2SXFtUVg5Vi0?oc=5
500752bb66cca4dc,2026-07-22T07:00:00+00:00,news,web,Soporte Google,Inspire 3,calidad,mala,baja,negativo,en,,0.74,,Inspire 3 not working after swim - Google Help,https://news.google.com/rss/articles/CBMimwFBVV95cUxQREZEWlJKeVZRamduanNXRmd3YkdIdjdCWmxiN29UUG5EcHdoYkpLUlJoR3dQV0tKX2VXQkQxV25xS0ZycnZraVNXOEoxRXdWbURhTHZic2VINEtmaUNoUXJjb0RXZTBHTDNqMUs1LTQxR3pOV2pzdkxPNXhxM2NmdEhNZ2dRRW5iRXp3Nlk5bkp0aGMwSFFVZThxOA?oc=5
e45486f53ed1669f,2026-09-03T07:00:00+00:00,news,web,Soporte Google,Ionic,calidad,mala,alta,negativo,en,,1.0,,I have a recalled Fitbit Ionic (FB503) and I'm trying to register for the safety recall refund - Google Help,https://news.google.com/rss/articles/CBMiZ0FVX3lxTE1qb2UwLUJVQnFWZjllQU5XRElqcFhGWkhtbnY5SnZ0RWFOdzU5c1piTUM4MVRhd1ZDZXQ2Rlc0RkJTdklXb3Y0R085NjhjdjAzdTZST28zVUdtNWctdVdoSjlBSnBCWDQ?oc=5
76f803fabe72804b,2026-07-05T07:00:00+00:00,news,web,Soporte Google,,carga,mala,baja,negativo,en,,0.74,,Fitbit versus 3 charger is not working with it - Google Help,https://news.google.com/rss/articles/CBMirgFBVV95cUxOUjJKcFgweGw5dVpzZE50WFVyRHJLUjBjUVQ2WTZ1OWxDVnF4bFJlR2tiY2FmajVaX3kySTFvMENMN0xud2lzc3A3UHM5dUl0WmxPcFZhd2paNFhDX05LTzBjcWxVT2NidkZXamdLbmVYVWltTFEwcGN6c2I5Y0hkcm9JSmthVmhlTk1JLTYySUgtT3g5UmFfaHJzMFhQSVhTRlJaTXB2TEN6QzhnSXc?oc=5
610cb8226266ba2b,2026-07-27T07:00:00+00:00,news,web,Soporte Google,Sense,sincronizacion,mala,baja,negativo,en,,0.74,,Fitbit Sense stuck: Settings won't open pairing fails / button factory reset not triggered - Google Help,https://news.google.com/rss/articles/CBMi5AFBVV95cUxPYjYzYVVzV2ZlSmJOZko0NzdBYTJKV1p0TUJBbC1GUE5JNENBWjNZU0QwaENxNmNVMkFoeW9kejdkRldSQXlUdUZhN1FNbGhWZEJRY0RMTW1MeGEzb3F2SFhjSUU3WDFFSmt6QU9STF9yODZmczhhSXE3aDNlZlM1WngwdzFFb1ZqZEVsMlNQWTZKOWJKdzJxYUdPRVB0MEdpak53eDF3S2FxQXlGWHVwVWo0eWxfa3JpdHVmaUNsaUctcnBsd0NlZlc2d0xhWG5oblc3NmF6bngyTzdYQkRxTmZzRXY?oc=5
1809e9110baf5f08,2026-07-09T07:00:00+00:00,news,web,Soporte Google,,sincronizacion,mala,baja,negativo,en,,0.74,,Fitbit sync issue with iPhone - Google Help,https://news.google.com/rss/articles/CBMilwFBVV95cUxPWnFjRl92UFhadEdsbVdIREVsaWZzVjJGel95cXVobVN2NGlHMUxSaUhFcG04dy1IUFpxeFBMOGNwYUZzeEZuaU1HVzRyYjVkQlFTTzdORF9zOWN6SjZtWDZmaDJmMjg0QlVrVk5IeEI2b2FhNjFKQm4xSlZRTnlkbmd0b0dLY2Yxd0lEWW91OWZVSG1jUGRV?oc=5
91c0c956c1972ede,2026-07-17T07:00:00+00:00,news,web,Soporte Google,Charge 6,bateria,mala,media,negativo,en,,0.62,,Fitbit Charge 6 battery drain - goes from 100% charged to 30% within 5hrs - Google Help,https://news.google.com/rss/articles/CBMizAFBVV95cUxOeXFYVTJheVdSZmM0djlIeWNGTTN1MDA3czVhNlhmQXRxNThyb2RjZVBwU2xKYUxKeDctV19fUmlZZUkwWkxHY1FtcVduVnYtVnd5bHJZNDdXeUFERmkyeFBFUVN3UjQxZ2xROVJ2NktGRFZPbmNHcDdHR0ozTjBMRUd0VTdyMGd0alpFUEdlWVoyUzRhaUxZTEc5bWozSl8tVmo5OFRMRnF5Zm5nMms0bVk2TV9TbzVibl9USHM4MDRaM2l1V0NjbFNLb1Q?oc=5
bd999706df94710e,2026-07-17T07:00:00+00:00,news,web,Soporte Google,,sincronizacion,mala,baja,negativo,en,,0.74,,"Error 3000, Versa stop sync since Google Health app came on - Google Help",https://news.google.com/rss/articles/CBMivgFBVV95cUxPeUMxT2V0bDc1UC1jNHV0NnhpTjZNNnk1bTJ2Q3ZQeGJpb1pDMnZiQ2hqelRpY0pJWlc0V01pUVJhRXdhdllmUnk3b3FVVkdKVzVQYVZHR1hZMUZUOWlXOWNQd3JFLTdHYW9Xekdud1pkbUNDOElBenlFN1E0bnpTYmhncjkxVlQ2YUxXdUlMWHhwdlprcGtEMlllaDVYZ19vOXZYQ0RnQVZzYjJPRVlFbWF2OXlYMmgwbWNJTGNn?oc=5
ffc171e2a2d1c0fc,2026-07-13T07:00:00+00:00,news,web,Soporte Google,Charge 6,sincronizacion,mala,baja,negativo,en,,0.74,,All of a sudden my Charge 6 is not syncing with Google Health. It gets to 86% and then says Error:2? - Google Help,https://news.google.com/rss/articles/CBMi8gFBVV95cUxNYWhib25IbkFvYmhLbk1sQWRsUWNmVklNOHNmMjdSSGZNT3FxYWhGTThvUXlPaU9tWDJTdDV3bWkxYXdxM1liV0NsZEYxQlNtY3pkQ0pnTEtFemxadEtYaGpkdUI5MzVudDRtT2Zob1RqZWxtWWZldHpPM2xaa09IRTdkMFIyLTFTeHdNckdMWUQyb2JJbjd6WmJaZjFyWFFtSzBNMXJSS2oydWczczN0QlVuSHB3TU1kM0RPY0pRX1U5QmZtTFY3T0VDREUzSkhmRm1fSUJ6MzkwaVZ4N0U2UzhZTHNGeDgyVW16b2NfdjNoQQ?oc=5
b264693ac987eac7,2026-07-01T07:00:00+00:00,news,web,Soporte Google,Fitbit Air,calidad,revisar,,mixto,en,,0.34,,"Fitbit Air: Love the Hardware, Hate the App - Google Help",https://news.google.com/rss/articles/CBMipwFBVV95cUxPQVJXNzJBNkRkLTJlNF9KZmhmNi16ZDV6YXFsTlRrRjBSSFJSa3gwOV9YTUp5eV8td0VmbXhlRzFWRjZfanJuWjh0S2hpM21DaGpGYTN5QUJoMjlvU08zODljSTVXUGhEMGtadC1PallISVFFQ0pGUUZHN2toRHdIWUZTeFN0MU5CYmxMYVM3b0o2c1hXR1lQUndOYlh2Rm11UGJ2dHBmZw?oc=5
57b78797aab02977,2026-07-13T07:00:00+00:00,news,web,Soporte Google,Versa 4,sincronizacion,mala,media,negativo,en,,0.74,,"Blank screen on new Versa4, won't sync. - Google Help",https://news.google.com/rss/articles/CBMiogFBVV95cUxOcEVPaUhZMzdYZ3JWb1dUTlNhbWF4Y0FzSFZtTzdQNHExOUlwSWx5U0F4cnE2T3htSHh4NWUwRGZoZ3Y3aFNJN0xZNHBsaHpMMWFyMUhFS282d0tPcm9QdDBkSGpiWjNWd3Q5RnNvdXpsVVRNQXM5SmRsQjRiV3h1b3dxaFl1UjVRR29EQVV4cjB6dTR1Q0F2b2pkNnY4WjFmblE?oc=5
52aba6c4fbd93484,2026-07-27T07:00:00+00:00,news,web,Soporte Google,Charge 5,bateria,mala,media,negativo,en,,0.62,,Charge 5 battery drain over around 12 hours - Google Help,https://news.google.com/rss/articles/CBMiqgFBVV95cUxOeEZRSVhsZk02OVp5M3BJN3FOV25OeHdJZzV2ZlQxYlZLemVpSFJlektHcEpxN2x1WTJQSGp1b2xzdVZjQXg1LURMcnA2SXJnR3hSdF9UMmI1X3NLSU9abTAtMVFZUXMwaGRLMGpHR3BnWWdSWVZkRHZlMDFlWGYyZFU3V3hrWG10dkhQdG5oYzVlZkhybHVYWUNfWlR3cWNvM2Nuc1dCa2ZRQQ?oc=5
0a1e9f1a6c4c15e7,2026-09-26T17:50:01+00:00,itunes,itunes,App Store US · Google Health (Fitbit),,ritmo_cardiaco,mala,media,negativo,en,2,0.42,,More geared toward new to fitness individuals.,https://itunes.apple.com/us/review?id=462638897&type=Purple%20Software
4374d92d369758f5,2026-07-04T06:28:14+00:00,itunes,itunes,App Store ES · Google Health (Fitbit),,software,mala,media,negativo,pt,1,0.42,,Peor que antes,https://itunes.apple.com/es/review?id=462638897&type=Purple%20Software
bcb58a28e4b8a54b,2026-09-24T02:49:51+00:00,itunes,itunes,App Store BR · Google Health (Fitbit),,pantalla,mala,media,negativo,pt,1,0.42,,Tela Saúde do Ciclo Menstrual,https://itunes.apple.com/br/review?id=462638897&type=Purple%20Software
f52386739cbedc8f,2026-07-09T19:11:07+00:00,itunes,itunes,App Store IT · Google Health (Fitbit),,sincronizacion,mala,media,negativo,it,1,0.42,,Ridate agli utenti la possibilità di scegliere,https://itunes.apple.com/it/review?id=462638897&type=Purple%20Software
a9dd2c1cb8223692,2026-08-29T07:32:13+00:00,itunes,itunes,App Store MX · Google Health (Fitbit),,software,mala,media,negativo,es,1,0.42,,Extraño la app original de Fitbit,https://itunes.apple.com/mx/review?id=462638897&type=Purple%20Software
3c502b805711667e,2026-09-18T19:01:25+00:00,reddit,reddit,Reddit r/fitbit,,sincronizacion,revisar,,mixto,en,,0.22,,Weekly Google Health / Fitbit App Feedback & Complaints Megathread,https://www.reddit.com/r/fitbit/comments/1wjz5iq/weekly_google_health_fitbit_app_feedback/
d58480c6fa2f72b9,2026-09-28T13:16:26+00:00,reddit,reddit,Reddit r/fitbit,Fitbit Air,sincronizacion,revisar,,mixto,en,,0.22,,Is anyone else’s Resilience always “Low” in Google Health with Fitbit Air?,https://www.reddit.com/r/fitbit/comments/1wsecxw/is_anyone_elses_resilience_always_low_in_google/
36f69dfba9b3a548,2026-09-28T18:04:10+00:00,reddit,reddit,Reddit r/fitbit,,ritmo_cardiaco,revisar,,mixto,en,,0.0,,Woke up to this today,https://www.reddit.com/r/fitbit/comments/1wslyn4/woke_up_to_this_today/
453a5617f6397a9e,2026-09-28T03:23:03+00:00,reddit,reddit,Reddit r/fitbit,Fitbit Air,correa,revisar,,mixto,en,,0.22,,Fitbit air - watch styling,https://www.reddit.com/r/fitbit/comments/1ws3q37/fitbit_air_watch_styling/
858437befa1528df,2026-09-28T15:56:18+00:00,reddit,reddit,Reddit r/fitbit,,ritmo_cardiaco,buena,,positivo,en,,0.22,,Does Fitbit work on ankle?,https://www.reddit.com/r/fitbit/comments/1wsifww/does_fitbit_work_on_ankle/
abf4282c90b6c1c2,2026-09-28T15:41:58+00:00,reddit,reddit,Reddit r/fitbit,Fitbit Air,opinion,revisar,,mixto,en,,0.22,,Can’t see steps during activity?,https://www.reddit.com/r/fitbit/comments/1wsi1oi/cant_see_steps_during_activity/
3c53f003a2ca4a00,2026-09-28T11:33:25+00:00,reddit,reddit,Reddit r/fitbit,Versa 4,sincronizacion,revisar,,mixto,en,,0.22,,Seeking advice,https://www.reddit.com/r/fitbit/comments/1wsc4zy/seeking_advice/
d93d4f82fa858d40,2026-09-28T15:14:47+00:00,reddit,reddit,Reddit r/fitbit,Charge 3,calidad,revisar,,mixto,en,,0.22,,Trying to use an old fibit charge 3,https://www.reddit.com/r/fitbit/comments/1wshbmk/trying_to_use_an_old_fibit_charge_3/
ed3143be1a8fc538,2026-09-28T14:50:27+00:00,reddit,reddit,Reddit r/fitbit,Sense,sincronizacion,buena,,positivo,en,,0.22,,Fitbit Sense after Switch to a Google health,https://www.reddit.com/r/fitbit/comments/1wsgopi/fitbit_sense_after_switch_to_a_google_health/
fb4b1f1a145fc1fa,2026-09-28T13:58:42+00:00,reddit,reddit,Reddit r/fitbit,Inspire 3,sincronizacion,revisar,,mixto,en,,0.22,,Inspire 3 won’t connect,https://www.reddit.com/r/fitbit/comments/1wsfd69/inspire_3_wont_connect/
bceadbfa085630a9,2026-09-28T12:09:59+00:00,reddit,reddit,Reddit r/fitbit,,bateria,mala,baja,negativo,en,,0.62,,Covert update ruined battery life...,https://www.reddit.com/r/fitbit/comments/1wscv5n/covert_update_ruined_battery_life/
b0799aff732d23b1,2026-09-28T15:04:05+00:00,reddit,reddit,Reddit r/fitbit,,correa,revisar,,mixto,de,,0.22,,"Fitbit declares Polar the gold standard and the ""source of truth"" I should rely on",https://www.reddit.com/r/fitbit/comments/1wsh1rp/fitbit_declares_polar_the_gold_standard_and_the/
ec02666332f82e3e,2026-09-28T05:02:27+00:00,reddit,reddit,Reddit r/fitbit,Charge 6,ritmo_cardiaco,revisar,,mixto,en,,0.22,,Charge 6 - swimming AND heart rate monitor?,https://www.reddit.com/r/fitbit/comments/1ws5klk/charge_6_swimming_and_heart_rate_monitor/
b4f94cb64e1de722,2026-09-28T08:02:42+00:00,reddit,reddit,Reddit r/fitbit,,opinion,revisar,,mixto,pt,,0.0,,Galaxy Fit 3,https://www.reddit.com/r/fitbit/comments/1ws8l3j/galaxy_fit_3/
d12ee34b910ab26e,2026-09-28T05:44:43+00:00,reddit,reddit,Reddit r/fitbit,,sincronizacion,revisar,,mixto,en,,0.22,,heart rate not correctly syncing to the app,https://www.reddit.com/r/fitbit/comments/1ws6b5h/heart_rate_not_correctly_syncing_to_the_app/
